name,email,age
Shiva,shiva@gmail.com,25
Sundar,sundar@gmail.com,30
Vignesh,invalid-email,200
Anu,anu@gmail.com,22
Rahul,rahul@gmail.com,28
Priya,priya@gmail.com,27
Kiran,kiran@gmail.com,35
Meena,meena@gmail.com,29
Arun,arun@gmail.com,31
Divya,divya@gmail.com,26
 ,emptyname@gmail.com,24
Ravi,ravi@gmail,40
Sneha,sneha@gmail.com,121
Ajay,ajay@gmail.com,23
Neha,neha@gmail.com,21
Rohit,rohit@gmail.com,45
Kavya,kavya@gmail.com,19
Manoj,manoj@gmail.com,50
Deepa,deepa@gmail.com,34
Shiva,shiva@gmail.com,22